Id,FirstName,LastName,City,Country,Phone
109,Geo,Heidenreich,Lake Althea,USA,1-453-611-8398 x652
110,Shanna,Predovic,Monteland,USA,(587) 497-8281
111,Merle,Walker,North Estell,USA,(264) 701-1301
112,Ole,Johns,Averyview,USA,399.818.7992
113,Kamren,Waelchi,Port Annamarie,USA,1-802-593-5826 x797
,114,Alba,Gerlach,East Demarcusburgh,USA,541-521-2433 x7104
,115,Celestino,Keeling,South Mariamview,USA,(352) 892-9354 x885
,116,Dorothy,Collins,Busterbury,USA,420.600.8622 x07571
,117,Cletus,Kovacek,Adrienneside,USA,(908) 877-0310 x1268
,118,Abner,Waelchi,Pagacborough,USA,652.378.8834 x71319
